date,open,high,low,close,volume,unadjustedVolume,change,changePercent,vwap,label,changeOverTime
2018-05-29,96.2766,97.2999,95.6763,96.4439,28670981,28670981,-0.344408,-0.356,96.3552,"May 29, 18",0
2018-05-30,96.7391,97.664,96.3454,97.3688,22158528,22158528,0.92498,0.959,97.1272,"May 30, 18",0.009590031095797596
2018-05-31,97.7034,98.3922,97.0343,97.2606,34140891,34140891,-0.108244,-0.111,97.5311,"May 31, 18",0.008468135361593604
2018-06-01,97.6934,99.2483,97.5853,99.1794,28655624,28655624,1.9188,1.973,98.7267,"Jun 1, 18",0.028363639379991912
2018-06-04,99.6419,100.2323,99.2395,100.0454,27281623,27281623,0.865939,0.873,99.8349,"Jun 4, 18",0.03734295274247518
2018-06-05,100.3701,100.6948,99.9076,100.5571,23514402,23514402,0.511691,0.511,100.3976,"Jun 5, 18",0.042648627855157314
2018-06-06,100.8424,100.9605,100.2717,100.8523,21122917,21122917,0.295206,0.294,100.7022,"Jun 6, 18",0.04570947462721852
2018-06-07,101.0097,101.0491,98.776,99.268,28232197,28232197,-1.5843,-1.571,99.5836,"Jun 7, 18",0.02928230816049539
2018-06-08,99.477,100.3209,98.9334,100.006,22165128,22165128,0.738016,0.743,99.7475,"Jun 8, 18",0.036934425090648565
2018-06-11,99.7502,99.9666,99.0613,99.4353,23490894,23490894,-0.570734,-0.571,99.5185,"Jun 11, 18",0.0310169953724393
2018-06-12,99.4845,99.8282,99.1401,99.6911,18325228,18325228,0.255846,0.257,99.5607,"Jun 12, 18",0.033669314492674046
2018-06-13,100.0946,100.3799,98.9531,99.2385,29492875,29492875,-0.452649,-0.454,99.579,"Jun 13, 18",0.028976430857731827
2018-06-14,100.0257,100.3996,99.3861,99.7994,25691811,25691811,0.560893,0.565,99.8517,"Jun 14, 18",0.03479224709909083
2018-06-15,99.8879,99.9076,98.4709,98.53,65738585,65738585,-1.2694,-1.272,99.0092,"Jun 15, 18",0.021630191230342218
2018-06-18,98.4119,99.4943,97.8313,99.2483,23586037,23586037,0.718335,0.729,99.024,"Jun 18, 18",0.029078044334582085
2018-06-19,98.0576,99.3861,97.91,99.2483,28653087,28653087,0,0,98.7346,"Jun 19, 18",0.029078044334582085
2018-06-20,99.7502,100.8818,99.5042,100.2422,26180792,26180792,0.99386,1.001,100.2325,"Jun 20, 18",0.03938351725718265
2018-06-21,100.4439,100.8227,99.268,99.5238,23198188,23198188,-0.718334,-0.717,99.8136,"Jun 21, 18",0.03193462728072999
2018-06-22,98.8055,99.1597,98.033,98.8055,38923105,38923105,-0.718336,-0.722,98.6163,"Jun 22, 18",0.024486774176490124
2018-06-25,98.4021,98.5103,95.7452,96.8178,35433333,35433333,-1.9877,-2.012,96.8872,"Jun 25, 18",0.003876865203501788
2018-06-26,97.2409,98.4808,97.172,97.4968,26897244,26897244,0.678974,0.701,97.8043,"Jun 26, 18",0.010917227528127689
2018-06-27,97.9888,98.4217,95.8436,95.9814,31298386,31298386,-1.5154,-1.554,97.0625,"Jun 27, 18",-0.004795533984005268
2018-06-28,95.8239,97.5263,95.7058,97.0539,26650671,26650671,1.0726,1.117,96.741,"Jun 28, 18",0.006324920497823081
2018-06-29,97.3491,98.3135,96.7587,97.0343,28053214,28053214,-0.019682,-0.02,97.4814,"Jun 29, 18",0.006121693544122567
2018-07-02,96.5324,98.4611,96.434,98.4119,19564521,19564521,1.3776,1.42,97.6382,"Jul 2, 18",0.020405645147075175
2018-07-03,98.8744,99.022,97.359,97.4672,14670275,14670275,-0.944661,-0.96,98.0677,"Jul 3, 18",0.01061031335315148
2018-07-05,97.91,98.3233,97.4475,98.1659,18977402,18977402,0.698655,0.717,97.9983,"Jul 5, 18",0.017854939503690687
2018-07-06,98.2889,99.8092,98.0773,99.5435,19234627,19234627,1.3776,1.403,99.2493,"Jul 6, 18",0.032138891106643294
2018-07-09,100.021,100.6161,99.6331,100.2225,18211980,18211980,0.678974,0.682,100.0649,"Jul 9, 18",0.039179253431269344
2018-07-10,100.3701,100.8719,100.2323,100.4882,19293140,19293140,0.265686,0.265,100.5279,"Jul 10, 18",0.041934222900567135
2018-07-11,99.5337,100.7047,99.4845,100.3504,19644648,19644648,-0.137763,-0.137,100.2994,"Jul 11, 18",0.040505412991386644
2018-07-12,101.1278,102.7416,101.0884,102.5251,24335929,24335929,2.1747,2.167,102.1631,"Jul 12, 18",0.06305427300223233
2018-07-13,102.7022,103.9126,102.4267,103.7453,24653500,24653500,1.2202,1.19,103.3383,"Jul 13, 18",0.07570618774230409
2018-07-16,103.7158,104.1291,102.8449,103.2336,21786912,21786912,-0.511691,-0.493,103.414,"Jul 16, 18",0.07040051262962195
2018-07-17,102.9384,104.7982,102.653,104.257,25901726,25901726,1.0234,0.991,103.9454,"Jul 17, 18",0.08101186285498622
2018-07-18,104.2471,104.3554,103.0417,103.4402,29493927,29493927,-0.816738,-0.783,103.4472,"Jul 18, 18",0.07254269062117982
2018-07-19,103.2533,103.6272,102.2299,102.7317,40171646,40171646,-0.708494,-0.685,102.8746,"Jul 19, 18",0.06519645099379022
2018-07-20,106.3529,106.471,104.3849,104.5719,56038827,56038827,1.8401,1.791,105.2552,"Jul 20, 18",0.08427697345296074
2018-07-23,104.6014,106.412,104.4341,106.2447,29706955,29706955,1.6728,1.6,105.8917,"Jul 23, 18",0.10162177182797456
2018-07-24,106.8351,107.0811,105.546,105.9396,26316619,26316619,-0.305046,-0.287,106.1333,"Jul 24, 18",0.0984582747068503
2018-07-25,106.2299,109.3739,105.8806,109.059,30798058,30798058,3.1193,2.944,107.8114,"Jul 25, 18",0.1308024665116197
2018-07-26,108.9704,109.2263,107.7502,107.8683,31372110,31372110,-1.1907,-1.092,108.2211,"Jul 26, 18",0.11845642907431166
2018-07-27,108.4194,108.4194,104.4439,105.9593,37005292,37005292,-1.909,-1.77,106.1908,"Jul 27, 18",0.0986625385327636
2018-07-30,105.4772,105.8117,103.086,103.6862,34668327,34668327,-2.2731,-2.145,103.9644,"Jul 30, 18",0.07509339626456417
2018-07-31,104.7883,105.0147,103.6961,104.3849,27655152,27655152,0.698653,0.674,104.434,"Jul 31, 18",0.08233802241510352
2018-08-01,104.3357,104.745,103.7354,104.5817,23628699,23628699,0.196805,0.189,104.3706,"Aug 1, 18",0.084378586929811
2018-08-02,103.7158,106.3628,103.1647,105.8511,26104258,26104258,1.2694,1.214,105.2993,"Aug 2, 18",0.0975406427985596
2018-08-03,106.0774,106.3234,105.1131,106.3136,18659599,18659599,0.46249,0.437,105.8605,"Aug 3, 18",0.10233617678256474
2018-08-06,106.3923,106.6875,105.8403,106.4021,20265947,20265947,0.088562,0.083,106.3216,"Aug 6, 18",0.10325380869085557
2018-08-07,106.8253,107.3566,106.4415,107.1402,16080214,16080214,0.738015,0.694,107.0211,"Aug 7, 18",0.11090696249322138
2018-08-08,107.583,107.9963,107.022,107.7404,15487502,15487502,0.600253,0.56,107.5252,"Aug 8, 18",0.11713026951419421
2018-08-09,107.9569,108.3997,107.8486,107.9175,13677211,13677211,0.177123,0.164,108.1223,"Aug 9, 18",0.11896657020298852
2018-08-10,107.6715,107.9372,106.6481,107.2582,18183724,18183724,-0.659294,-0.611,107.395,"Aug 10, 18",0.11213047170427579
2018-08-13,107.4944,107.829,106.3726,106.4809,18474884,18474884,-0.777376,-0.725,106.8994,"Aug 13, 18",0.1040708639945088
2018-08-14,106.8253,107.9963,106.3136,107.8093,16788314,16788314,1.3284,1.248,107.4679,"Aug 14, 18",0.11784467446878438
2018-08-15,107.1673,107.6562,105.5176,106.3474,29982806,29982806,-1.4619,-1.356,106.2463,"Aug 15, 18",0.10268663959047689
2018-08-16,106.9796,107.5328,105.9918,106.3276,21384289,21384289,-0.019756,-0.019,106.6082,"Aug 16, 18",0.10248133889235093
2018-08-17,106.051,106.5845,105.3892,106.2684,18061512,18061512,-0.059268,-0.056,105.9766,"Aug 17, 18",0.10186751054239823
2018-08-20,106.1992,106.5845,105.1818,105.567,17914201,17914201,-0.701343,-0.66,105.6712,"Aug 20, 18",0.09459488884211437
2018-08-21,105.6164,106.0412,104.5595,104.6879,22881861,22881861,-0.879149,-0.833,105.2314,"Aug 21, 18",0.08547974521975987
2018-08-22,104.5595,106.0313,104.4903,105.7547,18000639,18000639,1.0668,1.019,105.3432,"Aug 22, 18",0.09654109798546098
2018-08-23,105.8436,106.861,105.567,106.2486,18167723,18167723,0.493904,0.467,106.3887,"Aug 23, 18",0.10166220984427213
2018-08-24,106.3573,107.2364,106.2486,107.0784,17234020,17234020,0.829759,0.781,106.9075,"Aug 24, 18",0.11026617546573711
2018-08-27,107.9378,108.3032,107.187,108.2637,19662331,19662331,1.1854,1.107,107.8882,"Aug 27, 18",0.12255622180355627
2018-08-28,108.5996,109.1528,108.4514,108.9157,19151528,19151528,0.651954,0.602,108.8174,"Aug 28, 18",0.12931662863073767
2018-08-29,109.1034,110.6641,108.9256,110.6542,20818044,20818044,1.7385,1.596,110.2007,"Aug 29, 18",0.1473426520495335
2018-08-30,110.3085,111.237,110.0813,110.5851,22798702,22798702,-0.069147,-0.062,110.6546,"Aug 30, 18",0.14662617335051775
2018-08-31,110.3233,111.402,110.1554,110.9604,23222713,23222713,0.375367,0.339,110.8097,"Aug 31, 18",0.15051755476499817
2018-09-04,109.4985,110.59,108.8762,110.348,22634641,22634641,-0.612441,-0.552,110.0185,"Sep 4, 18",0.1441677493340688
2018-09-05,109.6565,110.0615,106.782,107.1673,32872352,32872352,-3.1807,-2.882,107.6644,"Sep 5, 18",0.11118795486287882
2018-09-06,106.9302,107.6612,106.1992,107.4142,23477624,23477624,0.246951,0.23,107.0544,"Sep 6, 18",0.113747992356178
2018-09-07,106.9104,107.3992,105.9226,106.8907,22498646,22498646,-0.523538,-0.487,106.8853,"Sep 7, 18",0.10831996632239049
2018-09-10,107.513,108.3032,107.0388,108.0464,20727906,20727906,1.1557,1.081,107.8274,"Sep 10, 18",0.12030309848523345
2018-09-11,107.5723,110.2295,107.5624,109.8837,24301774,24301774,1.8373,1.7,109.4863,"Sep 11, 18",0.13935355165023403
2018-09-12,110.0714,110.4863,109.1626,110.348,18891064,18891064,0.464269,0.423,110.0009,"Sep 12, 18",0.1441677493340688
2018-09-13,110.753,112.3384,110.753,111.5334,26055620,26055620,1.1854,1.074,111.504,"Sep 13, 18",0.15645883254410078
2018-09-14,111.9779,112.3434,111.0691,111.9878,19122349,19122349,0.454392,0.407,111.8647,"Sep 14, 18",0.16117037987887253
2018-09-17,112.3039,112.3137,110.4962,110.7728,20736516,20736516,-1.215,-1.085,111.1899,"Sep 17, 18",0.14857238249386437
2018-09-18,110.8222,112.3088,110.3579,111.8297,22170934,22170934,1.057,0.954,111.8742,"Sep 18, 18",0.1595310849105024
2018-09-19,111.6717,111.9384,109.6812,110.3381,21728429,21728429,-1.4916,-1.334,110.4062,"Sep 19, 18",0.14406509898500577
2018-09-20,110.9111,112.4125,110.5653,112.1853,23714512,23714512,1.8472,1.674,112.001,"Sep 20, 18",0.1632182024990694
2018-09-21,112.6101,113.8844,112.1261,112.8669,71229698,71229698,0.681588,0.608,112.7631,"Sep 21, 18",0.17028552350122717
2018-09-24,111.6519,113.4991,110.8493,113.2719,27334460,27334460,0.405001,0.359,112.7347,"Sep 24, 18",0.1744848559628966
2018-09-25,113.4003,113.6967,112.3631,113.0546,22668014,22668014,-0.217317,-0.192,112.9487,"Sep 25, 18",0.17223173264457362
2018-09-26,113.0744,113.6522,112.3533,112.5903,19352025,19352025,-0.46427,-0.411,112.9931,"Sep 26, 18",0.16741753496073883
2018-09-27,113.3806,113.509,112.8076,113.0151,19091299,19091299,0.424758,0.377,113.1594,"Sep 27, 18",0.17182216812053436
2018-09-28,112.7978,113.1731,112.294,112.9756,21647811,21647811,-0.039513,-0.035,112.8354,"Sep 28, 18",0.17141260359649496
2018-10-01,113.3509,114.2696,113.3312,114.2005,18883079,18883079,1.2249,1.084,113.9961,"Oct 1, 18",0.18411325133056633
2018-10-02,113.8942,114.4277,113.0447,113.7461,20787239,20787239,-0.454391,-0.398,113.8664,"Oct 2, 18",0.17940170399579444
2018-10-03,114.0128,114.7635,113.5287,113.7658,16648018,16648018,0.019757,0.017,114.1116,"Oct 3, 18",0.17960596782170773
2018-10-04,113.2126,113.3596,110.269,111.4148,34821717,34821717,-2.351,-2.067,111.4622,"Oct 4, 18",0.15522910209976992
2018-10-05,111.2568,111.7902,109.2911,110.7629,29068859,29068859,-0.651953,-0.585,110.645,"Oct 5, 18",0.1484697321448013
2018-10-08,110.2986,110.6641,108.0069,109.4985,29640588,29640588,-1.2644,-1.142,109.4269,"Oct 8, 18",0.13535951988669068
2018-10-09,109.785,111.7013,109.4491,110.8913,26198594,26198594,1.3928,1.272,110.8363,"Oct 9, 18",0.14980107606598242
2018-10-10,109.8837,110.1406,104.5002,104.8657,61376315,61376315,-6.0256,-5.434,106.8432,"Oct 10, 18",0.08732330401404345
2018-10-11,104.0656,107.6019,102.9296,104.6187,63904282,63904282,-0.246952,-0.235,105.5349,"Oct 11, 18",0.08476222964853147
2018-10-12,107.6809,109.8837,105.814,108.2341,47742109,47742109,3.6154,3.456,107.3605,"Oct 12, 18",0.12224930762857991
2018-10-15,107.5821,108.1452,105.6429,106.2881,32068103,32068103,-1.946,-1.798,106.856,"Oct 15, 18",0.10207177436831154
2018-10-16,108.2045,110.0517,107.6217,109.6467,31610164,31610164,3.3585,3.16,109.0755,"Oct 16, 18",0.13689616450599776
2018-10-17,110.3184,110.4468,108.2126,109.3602,26548243,26548243,-0.286464,-0.261,109.1617,"Oct 17, 18",0.13392552561644652
2018-10-18,108.7576,109.1824,106.5153,107.1771,32506192,32506192,-2.1831,-1.996,107.5061,"Oct 18, 18",0.11128956833972907
2018-10-19,107.6019,109.5084,106.8907,107.3352,32785475,32785475,0.158049,0.147,107.9464,"Oct 19, 18",0.11292886330809933
2018-10-22,107.9871,109.1923,106.9203,108.2934,26545607,26545607,0.958173,0.893,108.2352,"Oct 22, 18",0.12286417285074543
2018-10-23,106.456,107.6414,103.8285,106.782,43770429,43770429,-1.5113,-1.396,105.7145,"Oct 23, 18",0.10719288622712268
2018-10-24,107.0882,107.1673,100.3515,101.0725,63897759,63897759,-5.7095,-5.347,103.5431,"Oct 24, 18",0.047992667239711434
2018-10-25,105.2509,107.9378,104.8558,106.9796,61646819,61646819,5.9071,5.844,106.7008,"Oct 25, 18",0.10924174571953235
2018-10-26,104.4014,107.4241,103.4827,105.6559,55523104,55523104,-1.3237,-1.237,105.3671,"Oct 26, 18",0.09551666823925622
2018-10-29,106.787,107.3747,100.3909,102.5838,55162001,55162001,-3.0721,-2.908,103.7477,"Oct 29, 18",0.06366291699112124
2018-10-30,102.3962,103.1074,98.8894,102.4653,65350878,65350878,-0.118537,-0.116,101.2809,"Oct 30, 18",0.06243422341900317
2018-10-31,104.1495,106.8215,104.1051,105.5077,51062383,51062383,3.0424,2.969,105.8546,"Oct 31, 18",0.09398002361994902
2018-11-01,105.7448,106.0115,104.2434,104.6286,33384201,33384201,-0.879149,-0.833,104.8712,"Nov 1, 18",0.08486487999759453
2018-11-02,105.1818,106.0115,103.6951,104.8657,37680194,37680194,0.237074,0.227,104.696,"Nov 2, 18",0.08732330401404345
2018-11-05,105.0731,106.4264,104.6088,106.1992,27922144,27922144,1.3335,1.272,105.4881,"Nov 5, 18",0.10114999497116982
2018-11-06,106.0708,107.513,104.9842,106.4067,24340248,24340248,0.207439,0.195,106.2569,"Nov 6, 18",0.10330150481264239
2018-11-07,108.1057,110.8715,108.0662,110.595,37901704,37901704,4.1883,3.936,110.0956,"Nov 7, 18",0.1467288236995808
2018-11-08,110.4369,110.8419,109.5578,110.3875,25644105,25644105,-0.20744,-0.188,110.1007,"Nov 8, 18",0.14457731385810824
2018-11-09,109.4985,110.0912,107.434,108.2341,32039223,32039223,-2.1534,-1.951,108.2967,"Nov 9, 18",0.12224930762857991
2018-11-12,108.0859,108.6193,104.8064,105.567,33621807,33621807,-2.6671,-2.464,105.9359,"Nov 12, 18",0.09459488884211437
2018-11-13,106.2387,107.4142,105.3398,105.6362,35374583,35374583,0.069146,0.065,106.2459,"Nov 13, 18",0.09531240441334292
2018-11-14,107.2433,107.402,103.642,104.1381,39495141,39495141,-1.4981,-1.418,104.8745,"Nov 14, 18",0.07977902179401698
2018-11-15,104.1579,106.9457,103.0865,106.4298,38505165,38505165,2.2917,2.201,105.3959,"Nov 15, 18",0.10354102229378946
2018-11-16,106.2314,108.0171,105.9536,107.4318,33502121,33502121,1.002,0.941,107.1439,"Nov 16, 18",0.11393048186562339
2018-11-19,107.4119,107.6996,102.7293,103.7909,44773899,44773899,-3.6409,-3.389,104.1321,"Nov 19, 18",0.07617900147132162
2018-11-20,100.9932,102.1539,98.5654,100.9039,64052457,64052457,-2.8869,-2.781,100.7515,"Nov 20, 18",0.04624450068900152
2018-11-21,102.7789,103.6024,101.4297,102.2928,28130621,28130621,1.3889,1.376,102.6577,"Nov 21, 18",0.060645618851995826
2018-11-23,101.3603,102.9872,101.1916,102.2531,13823099,13823099,-0.039683,-0.039,102.3303,"Nov 23, 18",0.06023398058353099
2018-11-26,103.9595,105.7849,103.7512,105.6262,32336165,32336165,3.3731,3.299,104.8689,"Nov 26, 18",0.09520871719206708
2018-11-27,105.4278,106.4794,104.525,106.2909,29124486,29124486,0.66469,0.629,105.8072,"Nov 27, 18",0.10210080679026869
2018-11-28,107.0349,110.4477,107.0052,110.2393,46788461,46788461,3.9485,3.715,109.0243,"Nov 28, 18",0.14304066923880102
2018-11-29,109.4556,110.2344,108.1659,109.3167,28123195,28123195,-0.922629,-0.837,109.3095,"Nov 29, 18",0.13347448620389676
2018-11-30,109.8227,110.0905,108.4933,110.0112,33665624,33665624,0.694452,0.635,109.5112,"Nov 30, 18",0.1406755637215003
2018-12-03,112.1044,112.5211,109.8524,111.2017,34732772,34732772,1.1905,1.082,111.0979,"Dec 3, 18",0.1530195274143829
2018-12-04,111.0528,111.7446,107.3539,107.6599,45196984,45196984,-3.5417,-3.185,109.158,"Dec 4, 18",0.1162955873829241
2018-12-06,104.9813,108.3742,104.1678,108.3246,49107431,49107431,0.664691,0.617,106.4533,"Dec 6, 18",0.12318767698112586
2018-12-07,107.5211,108.5826,103.4734,103.9893,45044937,45044937,-4.3354,-4.002,105.3455,"Dec 7, 18",0.07823615594143332
2018-12-10,103.9694,107.1242,103.0666,106.7373,40801525,40801525,2.748,2.643,105.2054,"Dec 10, 18",0.10672940434801999
2018-12-11,108.9298,110.0707,106.5885,107.7294,42381947,42381947,0.992074,0.929,108.3475,"Dec 11, 18",0.11701621357079088
2018-12-12,110.0112,110.3882,108.1758,108.2155,36183020,36183020,0.486117,0.451,109.2977,"Dec 12, 18",0.12205644939700704
2018-12-13,108.7115,109.9913,107.7691,108.5826,31333362,31333362,0.367067,0.339,108.5019,"Dec 13, 18",0.12586280729004115
2018-12-14,107.3921,108.3941,104.6639,105.1897,47043136,47043136,-3.3929,-3.125,106.2611,"Dec 14, 18",0.09068276998337897
2018-12-17,104.5746,104.9615,100.9039,102.0746,56957314,56957314,-3.1151,-2.961,102.6139,"Dec 17, 18",0.05838316368375817
2018-12-18,102.9277,103.6817,101.7075,103.146,49319196,49319196,1.0714,1.05,102.7524,"Dec 18, 18",0.0694922125712461
2018-12-19,102.8285,106.0329,100.5468,102.8682,68198186,68198186,-0.277781,-0.269,103.463,"Dec 19, 18",0.0666117815642047
2018-12-20,102.2333,103.4833,97.9971,100.7055,70334184,70334184,-2.1627,-2.102,100.676,"Dec 20, 18",0.04418734621888996
2018-12-21,100.8246,102.1837,96.6876,97.4515,111242070,111242070,-3.254,-3.231,98.7298,"Dec 21, 18",0.010447524415748394
2018-12-24,96.9059,97.1936,93.2352,93.384,43935192,43935192,-4.0675,-4.174,94.9076,"Dec 24, 18",-0.031727252838178455
2018-12-26,94.386,99.892,93.2153,99.763,51634793,51634793,6.379,6.831,97.0402,"Dec 26, 18",0.034414825613646956
2018-12-27,98.513,100.388,95.636,100.3781,49498509,49498509,0.615086,0.617,97.9902,"Dec 27, 18",0.04079262659432068
2018-12-28,101.2809,101.5984,98.7313,99.5944,38169312,38169312,-0.783739,-0.781,100.0256,"Dec 28, 18",0.032666659062937045
2018-12-31,100.4872,101.5884,99.644,100.765,33173765,33173765,1.1706,1.175,100.5547,"Dec 31, 18",0.0448042851854809
2019-01-02,98.761,100.9436,98.1559,100.3186,35329345,35329345,-0.446433,-0.443,99.8597,"Jan 2, 19",0.04017568762772974
2019-01-03,99.3067,99.391,96.4297,96.6281,42578410,42578410,-3.6905,-3.679,97.4733,"Jan 3, 19",0.0019099186159000636
2019-01-04,98.9297,101.6976,98.1459,101.1222,44060620,44060620,4.4941,4.651,100.6557,"Jan 4, 19",0.04850799272945212
2019-01-07,100.8345,102.4497,100.1797,101.2511,35656136,35656136,0.12897,0.128,101.4517,"Jan 7, 19",0.0498445210116969
2019-01-08,102.2234,103.146,100.9073,101.9853,31514415,31514415,0.734135,0.725,101.9198,"Jan 8, 19",0.05745723679776529
2019-01-09,103.0369,104.0488,102.4263,103.4436,32280840,32280840,1.4584,1.43,103.3471,"Jan 9, 19",0.07257794427641359
2019-01-10,102.4019,102.9277,101.5686,102.7789,30067556,30067556,-0.664691,-0.643,102.4178,"Jan 10, 19",0.06568585467821182
2019-01-11,102.3722,102.6202,100.8345,101.9853,28314202,28314202,-0.793659,-0.772,101.5629,"Jan 11, 19",0.05745723679776529
2019-01-14,101.0924,102.0563,100.4575,101.2412,28437079,28437079,-0.744057,-0.73,101.1341,"Jan 14, 19",0.049741870662634
2019-01-15,101.6976,104.2174,101.0726,104.1778,31587616,31587616,2.9365,2.901,103.6561,"Jan 15, 19",0.08019066006248197
2019-01-16,104.4258,105.4129,104.1282,104.5448,29853865,29853865,0.367068,0.352,104.6115,"Jan 16, 19",0.0839959810833033
2019-01-17,104.1678,105.78,103.9297,105.279,28393015,28393015,0.734136,0.702,104.8499,"Jan 17, 19",0.0916086968693717
2019-01-18,106.6083,107.0449,105.0706,106.8564,37427587,37427587,1.5774,1.498,106.3826,"Jan 18, 19",0.10796431915341452
2019-01-22,105.904,106.2512,104.029,104.8425,32371253,32371253,-2.0139,-1.885,105.0956,"Jan 22, 19",0.08708274966068359
2019-01-23,105.279,106.1917,104.5051,105.8643,25874294,25874294,1.0218,0.975,105.4299,"Jan 23, 19",0.09767750993064363
2019-01-24,106.0131,106.152,104.5051,105.3583,23164838,23164838,-0.505958,-0.478,105.1992,"Jan 24, 19",0.09243093653408874
2019-01-25,106.3901,107.025,105.7452,106.3206,31218193,31218193,0.962313,0.913,106.3501,"Jan 25, 19",0.10240875783745783
2019-01-28,105.4179,105.6361,103.8305,104.2472,29476719,29476719,-2.0734,-1.95,104.2532,"Jan 28, 19",0.08091024937813597
2019-01-29,104.0488,104.1381,101.3603,102.1242,31490547,31490547,-2.123,-2.037,102.2819,"Jan 29, 19",0.05889745230128606
2019-01-30,103.7909,105.5369,103.5032,105.5369,49471866,49471866,3.4127,3.342,104.7163,"Jan 30, 19",0.09428279030607435
2019-01-31,102.9774,104.3861,102.3623,103.6024,55636391,55636391,-1.9345,-1.833,103.5103,"Jan 31, 19",0.0742244973502731
2019-02-01,102.9526,103.2749,101.5388,101.9654,35535690,35535690,-1.6369,-1.58,102.3044,"Feb 1, 19",0.05725089922742655
2019-02-04,102.0547,104.9615,101.9555,104.902,31315282,31315282,2.9365,2.88,104.2549,"Feb 4, 19",0.08769968862727452
2019-02-05,105.2194,106.4199,105.1202,106.3702,27325365,27325365,1.4683,1.4,106.0228,"Feb 5, 19",0.10292304645498572
2019-02-06,106.152,106.152,104.6936,105.1897,20609759,20609759,-1.1806,-1.11,105.2478,"Feb 6, 19",0.09068276998337897
2019-02-07,104.3514,104.7532,103.4635,104.4357,29760697,29760697,-0.753976,-0.717,104.1994,"Feb 7, 19",0.08286475349918447
2019-02-08,103.5627,104.9417,103.434,104.8325,21461093,21461093,0.396829,0.38,104.2525,"Feb 8, 19",0.08697906243940774
2019-02-11,105.3583,105.7353,104.1331,104.4159,18914123,18914123,-0.41667,-0.397,104.6436,"Feb 11, 19",0.08265945280105838
2019-02-12,105.2988,106.2909,104.644,106.0429,25056595,25056595,1.627,1.558,105.8482,"Feb 12, 19",0.09952936370262924
2019-02-13,106.648,106.9258,105.8643,105.9635,18394869,18394869,-0.079366,-0.075,106.2711,"Feb 13, 19",0.09870608716569941
2019-02-14,105.4675,106.4397,104.8226,106.0528,21784703,21784703,0.089287,0.084,105.8005,"Feb 14, 19",0.09963201405169228
2019-02-15,107.0548,107.4417,106.5115,107.3623,26606886,26606886,1.3095,1.235,107.0509,"Feb 15, 19",0.11320985567775677
2019-02-19,106.9357,107.7988,106.9258,107.3127,18038460,18038460,-0.049603,-0.046,107.3742,"Feb 19, 19",0.11269556706022887
2019-02-20,107.4622,107.5419,105.898,106.7548,21607671,21607671,-0.557888,-0.52,106.7422,"Feb 20, 19",0.1069108569852526
2019-02-21,106.5058,109.0762,106.4759,109.0065,29063231,29063231,2.2517,2.109,108.2533,"Feb 21, 19",0.13025810859992185
2019-02-22,109.6441,110.7899,109.415,110.5607,27763218,27763218,1.5542,1.426,110.3374,"Feb 22, 19",0.1463731765306048
2019-02-25,111.3478,111.7663,110.8497,111.1785,23750599,23750599,0.617713,0.559,111.304,"Feb 25, 19",0.15277897306102303
2019-02-26,110.8497,112.8224,110.76,111.9456,21536733,21536733,0.76716,0.69,112.083,"Feb 26, 19",0.16073281980508874
2019-02-27,111.2781,111.9456,110.4711,111.7563,21487062,21487062,-0.189299,-0.169,111.4738,"Feb 27, 19",0.15877002070633806
2019-02-28,111.6268,112.4637,111.3179,111.6168,29083934,29083934,-0.139484,-0.125,111.7803,"Feb 28, 19",0.15732358396954083
2019-03-01,112.4737,112.6032,111.2532,112.115,23501169,23501169,0.498156,0.446,111.9854,"Mar 1, 19",0.16248928133350057
2019-03-04,112.6032,112.8323,110.3914,111.846,26608014,26608014,-0.269004,-0.24,111.6098,"Mar 4, 19",0.15970009508118196
2019-03-05,111.836,111.9755,110.8198,111.288,19538318,19538318,-0.557935,-0.499,111.295,"Mar 5, 19",0.1539143481339929
2019-03-06,111.4574,112.2445,111.019,111.3379,17686996,17686996,0.049816,0.045,111.5106,"Mar 6, 19",0.15443174736815915
2019-03-07,110.9892,111.1386,109.4598,109.9829,25338954,25338954,-1.355,-1.217,110.1114,"Mar 7, 19",0.1403821288852898
2019-03-08,108.7574,110.3017,108.3987,110.1024,22818430,22818430,0.119557,0.109,109.3312,"Mar 8, 19",0.1416211911795355
2019-03-11,110.5807,112.5334,110.5707,112.4139,26491618,26491618,2.3114,2.099,112.1083,"Mar 11, 19",0.16558849237743392
2019-03-12,112.4039,113.5696,112.2344,113.201,26132717,26132717,0.787086,0.7,113.1182,"Mar 12, 19",0.17374971356405117
2019-03-13,113.7091,114.5759,113.3604,114.0777,35513771,35513771,0.876755,0.775,114.0783,"Mar 13, 19",0.1828399722532995
2019-03-14,114.1176,114.7751,113.9084,114.1674,30763367,30763367,0.089668,0.079,114.2873,"Mar 14, 19",0.18377004662814342
2019-03-15,114.9146,116.8176,114.1674,115.4825,54630661,54630661,1.3151,1.152,115.6086,"Mar 15, 19",0.19740595309812237
2019-03-18,115.7416,117.1763,115.622,117.1364,31207596,31207596,1.6539,1.432,116.6841,"Mar 18, 19",0.21455478262492492
2019-03-19,117.6545,118.0032,116.5585,117.2161,37588697,37588697,0.079705,0.068,117.2072,"Mar 19, 19",0.21538116977849298
2019-03-20,116.9571,118.312,116.2796,117.0866,28113343,28113343,-0.129521,-0.11,117.1626,"Mar 20, 19",0.2140384202629716
2019-03-21,116.703,120.3744,116.6582,119.7766,29854446,29854446,2.69,2.297,118.7546,"Mar 21, 19",0.2419302827861586
2019-03-22,119.0593,119.149,116.6084,116.6183,33624528,33624528,-3.1583,-2.637,117.5474,"Mar 22, 19",0.20918274769062642
2019-03-25,116.1301,117.5748,115.8934,117.2261,27067117,27067117,0.60775,0.521,116.9328,"Mar 25, 19",0.2154848569997688
2019-03-26,118.1825,118.2672,116.4191,117.4751,26097665,26097665,0.249078,0.212,117.27,"Mar 26, 19",0.2180666688095359
2019-03-27,117.4403,117.774,115.0955,116.3394,22733427,22733427,-1.1358,-0.967,116.2761,"Mar 27, 19",0.2062909110892446
2019-03-28,117.0069,117.1464,115.7017,116.4988,18334755,18334755,0.15941,0.137,116.4057,"Mar 28, 19",0.20794368539638072
2019-03-29,117.6346,117.8836,116.5287,117.505,25399752,25399752,1.0063,0.864,117.2525,"Mar 29, 19",0.21837669360115047
2019-04-01,118.5113,118.6692,117.6644,118.5811,22789103,22789103,1.076,0.916,118.3499,"Apr 1, 19",0.22953447548263817
2019-04-02,118.6209,119.0394,118.0829,118.7504,18142297,18142297,0.169373,0.143,118.6434,"Apr 2, 19",0.23128990013883718
2019-04-03,119.418,119.9859,118.7106,119.5276,22860744,22860744,0.777124,0.654,119.3754,"Apr 3, 19",0.23934847097639153
2019-04-04,119.6571,119.7866,117.9434,118.9198,20112848,20112848,-0.607751,-0.508,118.7808,"Apr 4, 19",0.233046361667249
2019-04-05,118.9497,119.7866,118.9298,119.4478,15826245,15826245,0.528046,0.444,119.4024,"Apr 5, 19",0.2385210469506107
2019-04-08,119.3681,119.5774,118.2025,119.4877,15116186,15116186,0.039852,0.033,119.1908,"Apr 8, 19",0.2389347589635011
2019-04-09,118.1925,119.0991,118.1427,118.8401,17611981,17611981,-0.647603,-0.542,118.7262,"Apr 9, 19",0.2322199745136811
2019-04-10,119.3183,119.9061,119.0991,119.7467,16477169,16477169,0.906644,0.763,119.5747,"Apr 10, 19",0.24162025799454404
2019-04-11,120.0954,120.4043,119.4777,119.8862,14209121,14209121,0.139484,0.116,119.7791,"Apr 11, 19",0.24306669473134127
2019-04-12,120.1951,120.5338,119.9261,120.5039,19745143,19745143,0.617713,0.515,120.2437,"Apr 12, 19",0.24947145438954668
2019-04-15,120.494,121.1316,120.1253,120.6036,15792572,15792572,0.099632,0.083,120.5773,"Apr 15, 19",0.2505052159856663
2019-04-16,121.1914,121.2014,119.6571,120.3246,14071787,14071787,-0.278968,-0.231,120.5492,"Apr 16, 19",0.24761234251207184
2019-04-17,120.7929,121.4006,120.0954,121.3209,19300938,19300938,0.996312,0.828,120.8396,"Apr 17, 19",0.25794270036777855
2019-04-18,121.7394,123.0645,120.8544,122.915,27990998,27990998,1.5941,1.314,122.1735,"Apr 18, 19",0.27447148031135205
2019-04-22,122.1678,123.5427,122.118,123.3036,15648724,15648724,0.388562,0.316,123.0958,"Apr 22, 19",0.27850076573012916
2019-04-23,123.6423,125.1169,123.3733,124.9774,24025521,24025521,1.6738,1.357,124.4353,"Apr 23, 19",0.29585593282727063
2019-04-24,125.3261,125.3859,124.0608,124.549,31256980,31256980,-0.428414,-0.343,124.6469,"Apr 24, 19",0.2914139722678159
2019-04-25,129.5803,130.8855,128.3549,128.6737,38033892,38033892,4.1247,3.312,129.2321,"Apr 25, 19",0.3341818404274402
2019-04-26,129.2217,130.0339,128.5442,129.411,23654933,23654933,0.737271,0.573,129.1946,"Apr 26, 19",0.34182669925210407
2019-04-29,129.4209,129.6999,128.873,129.2914,16324183,16324183,-0.119558,-0.092,129.3101,Apr 29,0.3405866000856458
2019-04-30,129.3313,130.218,128.9175,130.1183,24166503,24166503,0.826939,0.64,129.7287,Apr 30,0.34916049641294067
2019-05-01,130.0486,130.1682,127.229,127.4084,26821692,26821692,-2.71,-2.083,128.6352,May 1,0.32106229631941474
2019-05-02,127.508,127.5279,125.0571,125.7445,27350161,27350161,-1.6638,-1.306,126.084,May 2,0.3038097795713363
2019-05-03,126.8903,128.9527,126.7807,128.4246,24911126,24911126,2.6801,2.131,128.0757,May 3,0.3315989917454603
2019-05-06,125.9239,128.0859,125.6449,127.6774,24239464,24239464,-0.747234,-0.582,127.2826,May 6,0.32385148257173346
2019-05-07,125.9936,126.711,123.7619,125.0571,36017661,36017661,-2.6203,-2.052,124.9389,May 7,0.29668231998083866
2019-05-08,124.9774,125.9039,124.2899,125.0471,28418996,28418996,-0.009963,-0.008,125.1682,May 8,0.2965786327595628
2019-05-09,123.8316,125.3261,123.1143,125.0372,27235835,27235835,-0.009963,-0.008,124.1915,May 9,0.29647598241049977
2019-05-10,124.4493,127.4582,123.3634,126.6611,30915084,30915084,1.624,1.299,125.4209,May 10,0.3133137502734751
2019-05-13,123.6523,125.087,122.5862,122.8951,33944923,33944923,-3.7661,-2.973,123.3605,May 13,0.27426514274101316
2019-05-14,123.4132,125.4158,123.2438,124.27,25266315,25266315,1.3749,1.119,124.4866,May 14,0.2885210987942213
2019-05-15,124.26,126.71,123.7,126.02,24722708,24722708,1.75,1.408,125.6903,May 15,0.30666636251748425
2019-05-16,126.75,129.38,126.46,128.93,30112216,30112216,2.91,2.309,128.7196,May 16,0.3368393439087387
2019-05-17,128.305,130.46,127.92,128.07,25770539,25770539,-0.86,-0.667,128.8642,May 17,0.3279222428790208
2019-05-20,126.52,127.5894,125.7607,126.22,23706934,23706934,-1.85,-1.445,126.5621,May 20,0.308740106943
2019-05-21,127.43,127.5273,126.58,126.9,15293260,15293260,0.68,0.539,127.0364,May 21,0.3157908379897537
2019-05-22,126.62,128.24,126.52,127.67,15396485,15396485,0.77,0.607,127.563,May 22,0.32377475402798933
2019-05-23,126.2,126.29,124.74,126.18,23603810,23603810,-1.49,-1.167,125.6712,May 23,0.30832535805789696
2019-05-24,126.91,127.415,125.97,126.24,14123358,14123358,0.06,0.048,126.5653,May 24,0.30894748138555156